{"_printoptions": {"precision": 4, "format_char": "g"}, "ion": "Average[Ca40, Ca40]", "x_eq": [-9.999717916894632e-05, 2.9054299827103353e-10, 6.708111025066387e-05], "fun": -0.5655132009857436, "jac": [0.05740824720408, 0.10406415658980195, -0.49953046684037916], "hess": [[16351244.876985475, 727468.2495359217, 559471.5853504986], [727468.2495359217, 628810281.8584992, 79994740.94754039], [559471.5853504986, 79994740.94754039, 563832617.093768]], "shift": [3.510930305271643e-09, 6.364277239903314e-09, -3.0549907719735e-08], "mode_freqs": [999959.8479607406, 5584714.009310489, 6461408.684192251], "mode_vectors": [[0.9999990483975163, -0.001074819024538628, -0.0008648515051987974], [0.00011720880544428117, -0.5584415277002137, 0.8295438785271985], [-0.001374578538127639, -0.8295431904993951, -0.5584408703076151]], "mode_angle": -146.0519215897807, "minimize_results": {"x": [-9.999717916894632e-05, 2.9054299827103353e-10, 6.708111025066387e-05], "fun": -0.5655132009857436, "jac": [0.05740824720408, 0.10406415658980195, -0.49953046684037916], "nfev": 16, "nit": 6, "status": 1, "message": "Converged (|f_n-f_(n-1)| ~= 0)", "success": true}, "mode_solver_results": {"_printoptions": {"precision": 4, "format_char": "g"}, "x0": [[-5.04884257547921e-06, 6.708323725863991e-05, 1.0288682607829827e-08], [4.9669968600979e-06, 6.705802507571696e-05, 4.150378590620657e-08]], "ions": ["Ca40", "Ca40"], "x_eq": [[-0.0001028113109071072, 3.533786316397601e-09, 6.708353049530733e-05], [-9.720513609581413e-05, -2.487626785486718e-09, 6.707867119517482e-05]], "fun": -1.130641104836736, "jac": [-0.0004842058477905198, -0.00014052029269397137, 0.006310959931112539, -0.0034436371313475433, 0.005504143631161043, -0.005540268747764934], "hess": [[32593272.706485152, 872300.3834816973, 185687.15775969962, -16344792.30352615, 26333.153240054744, 21250.941077062733], [872300.3834816973, 620742871.5467409, 79866127.54787774, 26333.153240054744, 8172391.219871456, -22.824956291236813], [185687.15775969962, 79866127.54787774, 555396313.9842241, 21250.941077062733, -22.824956291236816, 8172401.083654696], [-16344792.30352615, 26333.153240054744, 21250.941077062733, 32766226.146234266, 531600.4334945112, 889521.5152713617], [26333.153240054744, 8172391.219871456, -22.824956291236813, 531600.4334945112, 620599057.725478, 80106235.83197303], [21250.941077062733, -22.824956291236816, 8172401.083654696, 889521.5152713617, 80106235.83197302, 555892637.3668462]], "trap_pot": [-0.5654487475527609, -0.5654492103477493], "mode_freqs": [999444.9334852588, 1731510.3228433733, 5494531.9564133715, 5584755.615676984, 6383631.023175397, 6461462.133653626], "mode_vectors": [[[0.7089689005036003, -0.0010338450803925275, -0.00010191871263435308], [0.7052379265981452, -0.0004893466816491706, -0.0011163883804659576]], [[-0.7052382102995209, 0.0010385946401927004, 8.344388962725506e-05], [0.708968581558767, -0.00048200096862097163, -0.0011397935935187563]], [[0.0004918441029346495, 0.3950841490013539, -0.5883774631954818], [0.0006518520089579642, -0.394489445045115, 0.5848913462668595]], [[-0.0005093755768253706, -0.39316098737220234, 0.5857852957176614], [0.0006752834144810112, -0.39641821991510473, 0.5874792802964702]], [[-0.0009205519945969744, -0.5921031981665196, -0.39740432787429164], [0.0010239743677266204, 0.5811299393913222, 0.39213479890379455]], [[-0.0009033615943912031, -0.5820177045613792, -0.39081623681866395], [-0.0010429802788146742, -0.5912006380453777, -0.39874548564304385]]], "minimize_results": {"x": [-0.0001028113109071072, 3.533786316397601e-09, 6.708353049530733e-05, -9.720513609581413e-05, -2.487626785486718e-09, 6.707867119517482e-05], "fun": -1.130641104836736, "jac": [-0.0004842058477905198, -0.00014052029269397137, 0.006310959931112539, -0.0034436371313475433, 0.005504143631161043, -0.005540268747764934], "nfev": 62, "nit": 13, "status": 1, "message": "Converged (|f_n-f_(n-1)| ~= 0)", "success": true}, "title": "", "repr": "\u001b[33m--------------\nMode solver analysis for ion crystal [Ca40, Ca40]: \u001b[39m\n\u001b[33mEquilibrium positions [um]\u001b[39m\n[[-102.8113    0.0035   67.0835]\n [ -97.2051   -0.0025   67.0787]]\n\u001b[33mNormal modes\u001b[39m\n  Freq [MHz]                   Ca40                                Ca40\n------------  ----------  ---------  ----------  ----------  ----------  ---------\n      0.9994   0.709      -0.001034  -0.0001019   0.7052     -0.0004893  -0.001116\n      1.732   -0.7052      0.001039   8.344e-05   0.709      -0.000482   -0.00114\n      5.495    0.0004918   0.3951    -0.5884      0.0006519  -0.3945      0.5849\n      5.585   -0.0005094  -0.3932     0.5858      0.0006753  -0.3964      0.5875\n      6.384   -0.0009206  -0.5921    -0.3974      0.001024    0.5811      0.3921\n      6.461   -0.0009034  -0.582     -0.3908     -0.001043   -0.5912     -0.3987\n"}, "title": "", "repr": "\u001b[33m--------------\nTrap potential analysis for ion Average[Ca40, Ca40]: \u001b[39m\n\u001b[33mEquilibrium position [um]\u001b[39m\n[-99.9972   0.0003  67.0811]\n\u001b[33mGradient [V/m]\u001b[39m\n[ 0.0574  0.1041 -0.4995]\n\u001b[33mDisplacement at 1 MHz [um]\u001b[39m\n[ 0.0035  0.0064 -0.0305]\n\u001b[33mHessian [V/m2]\u001b[39m\n[[1.6351e+07 7.2747e+05 5.5947e+05]\n [7.2747e+05 6.2881e+08 7.9995e+07]\n [5.5947e+05 7.9995e+07 5.6383e+08]]\n\u001b[33mNormal mode frequencies [MHz]\u001b[39m\n[0.99996 5.58471 6.46141]\n\u001b[33mEigenvectors\u001b[39m\n[[\u001b[32m1\u001b[39m -0.00107 -0.000865]\n [0.000117 -0.558 0.83]\n [-0.00137 -0.83 -0.558]]\n\u001b[33mTilt angle of mode 2 (6.46): -146.05\u00b0\u001b[39m\n\u001b[33m--------------\nMode solver analysis for ion crystal [Ca40, Ca40]: \u001b[39m\n\u001b[33mEquilibrium positions [um]\u001b[39m\n[[-102.8113    0.0035   67.0835]\n [ -97.2051   -0.0025   67.0787]]\n\u001b[33mNormal modes\u001b[39m\n  Freq [MHz]                   Ca40                                Ca40\n------------  ----------  ---------  ----------  ----------  ----------  ---------\n      0.9994   0.709      -0.001034  -0.0001019   0.7052     -0.0004893  -0.001116\n      1.732   -0.7052      0.001039   8.344e-05   0.709      -0.000482   -0.00114\n      5.495    0.0004918   0.3951    -0.5884      0.0006519  -0.3945      0.5849\n      5.585   -0.0005094  -0.3932     0.5858      0.0006753  -0.3964      0.5875\n      6.384   -0.0009206  -0.5921    -0.3974      0.001024    0.5811      0.3921\n      6.461   -0.0009034  -0.582     -0.3908     -0.001043   -0.5912     -0.3987\n"}