{"_printoptions": {"precision": 4, "format_char": "g"}, "ion": "Average[Ca40, Ca40]", "x_eq": [-9.999716110580155e-05, 2.8357270687071656e-10, 6.70810973046598e-05], "fun": -0.5654915482512047, "jac": [0.05769997252191672, 0.0986521577664316, -0.5073819889359126], "hess": [[16351244.248572528, 727188.7558233123, 559544.8220503252], [727188.7558233123, 628808222.7032179, 79994999.68415408], [559544.8220503252, 79994999.68415408, 563836076.8012626]], "shift": [3.5287714223426265e-09, 6.033294295701614e-09, -3.1030085189179824e-08], "mode_freqs": [999959.8432595057, 5584722.216411392, 6461408.216507566], "mode_vectors": [[0.9999990487411009, -0.001074340094191205, -0.0008650492791597733], [0.00011761919767300225, -0.5584542789112767, 0.829535294325329], [-0.0013742934976562935, -0.8295346069689006, -0.5584536213136541]], "mode_angle": 33.948959099836536, "minimize_results": {"x": [-9.999716110580155e-05, 2.8357270687071656e-10, 6.70810973046598e-05], "fun": -0.5654915482512047, "jac": [0.05769997252191672, 0.0986521577664316, -0.5073819889359126], "nfev": 16, "nit": 6, "status": 1, "message": "Converged (|f_n-f_(n-1)| ~= 0)", "success": true}, "mode_solver_results": {"_printoptions": {"precision": 4, "format_char": "g"}, "x0": [[-5.001120146788684e-06, 6.702844395367862e-05, -3.119092601162453e-08], [5.063355073668516e-06, 6.70230697161802e-05, -4.4197506864066056e-08]], "ions": ["Ca40", "Ca40"], "x_eq": [[-0.00010281139193196185, 3.5646737175381276e-09, 6.708347008783168e-05], [-9.72052098329584e-05, -2.4832823675945945e-09, 6.707869517945722e-05]], "fun": -1.1305977993768317, "jac": [-0.0018811665260614063, 0.015016097421395418, -0.024793820065558463, -0.004488760559723914, 0.009629907135492062, 0.007766621535063516], "hess": [[32593186.534187492, 871854.6809882118, 186117.0507245628, -16344729.330683496, 26449.095885835017, 20881.766941482107], [871854.6809882118, 620742442.0941701, 79865423.99928711, 26449.095885835017, 8172359.291412973, -22.5272756417437], [186117.0507245628, 79865423.99928711, 555403360.4543679, 20881.766941482107, -22.5272756417437, 8172370.0392705165], [-16344729.330683496, 26449.095885835017, 20881.766941482107, 32766174.644329306, 531264.2046444617, 889951.9568655579], [26449.095885835017, 8172359.291412973, -22.5272756417437, 531264.2046444617, 620595946.5630488, 80106012.01397678], [20881.766941482107, -22.5272756417437, 8172370.0392705165, 889951.9568655579, 80106012.01397675, 555893205.9228553]], "trap_pot": [-0.5654270911486121, -0.5654275609601134], "mode_freqs": [999444.7675307288, 1731507.9922194788, 5494546.116158577, 5584769.063601416, 6383629.093914014, 6461459.656243407], "mode_vectors": [[[0.7089692597999081, -0.0010334439479026325, -0.0001020590308694143], [0.705237565972317, -0.0004890834372428083, -0.0011165013051195678]], [[-0.7052378507813134, 0.0010377123632386944, 8.471889572669435e-05], [0.708968938816, -0.0004812558424962543, -0.0011410469063995563]], [[0.0004902218832585127, 0.39502567546268436, -0.5882673055715383], [0.000653417363347781, -0.3945648617863255, 0.5849907653054404]], [[-0.0005091438147650836, -0.3932415701397303, 0.5858812686634772], [0.0006754051033184983, -0.3963540960883148, 0.5873728983004332]], [[-0.0009204262204160649, -0.5920349861200283, -0.3973748189648523], [0.0010241710425685645, 0.581188069977066, 0.39218153917298304]], [[-0.0009031914412277644, -0.5820723439537403, -0.3908682027028886], [-0.0010427285967044924, -0.5911361576355276, -0.39871038940340026]]], "minimize_results": {"x": [-0.00010281139193196185, 3.5646737175381276e-09, 6.708347008783168e-05, -9.72052098329584e-05, -2.4832823675945945e-09, 6.707869517945722e-05], "fun": -1.1305977993768317, "jac": [-0.0018811665260614063, 0.015016097421395418, -0.024793820065558463, -0.004488760559723914, 0.009629907135492062, 0.007766621535063516], "nfev": 55, "nit": 13, "status": 1, "message": "Converged (|f_n-f_(n-1)| ~= 0)", "success": true}, "title": "", "repr": "\u001b[33m--------------\nMode solver analysis for ion crystal [Ca40, Ca40]: \u001b[39m\n\u001b[33mEquilibrium positions [um]\u001b[39m\n[[-102.8114    0.0036   67.0835]\n [ -97.2052   -0.0025   67.0787]]\n\u001b[33mNormal modes\u001b[39m\n  Freq [MHz]                   Ca40                                Ca40\n------------  ----------  ---------  ----------  ----------  ----------  ---------\n      0.9994   0.709      -0.001033  -0.0001021   0.7052     -0.0004891  -0.001117\n      1.732   -0.7052      0.001038   8.472e-05   0.709      -0.0004813  -0.001141\n      5.495    0.0004902   0.395     -0.5883      0.0006534  -0.3946      0.585\n      5.585   -0.0005091  -0.3932     0.5859      0.0006754  -0.3964      0.5874\n      6.384   -0.0009204  -0.592     -0.3974      0.001024    0.5812      0.3922\n      6.461   -0.0009032  -0.5821    -0.3909     -0.001043   -0.5911     -0.3987\n"}, "title": "", "repr": "\u001b[33m--------------\nTrap potential analysis for ion Average[Ca40, Ca40]: \u001b[39m\n\u001b[33mEquilibrium position [um]\u001b[39m\n[-99.9972   0.0003  67.0811]\n\u001b[33mGradient [V/m]\u001b[39m\n[ 0.0577  0.0987 -0.5074]\n\u001b[33mDisplacement at 1 MHz [um]\u001b[39m\n[ 0.0035  0.006  -0.031 ]\n\u001b[33mHessian [V/m2]\u001b[39m\n[[1.6351e+07 7.2719e+05 5.5954e+05]\n [7.2719e+05 6.2881e+08 7.9995e+07]\n [5.5954e+05 7.9995e+07 5.6384e+08]]\n\u001b[33mNormal mode frequencies [MHz]\u001b[39m\n[0.99996 5.58472 6.46141]\n\u001b[33mEigenvectors\u001b[39m\n[[\u001b[32m1\u001b[39m -0.00107 -0.000865]\n [0.000118 -0.558 0.83]\n [-0.00137 -0.83 -0.558]]\n\u001b[33mTilt angle of mode 2 (6.46): 33.95\u00b0\u001b[39m\n\u001b[33m--------------\nMode solver analysis for ion crystal [Ca40, Ca40]: \u001b[39m\n\u001b[33mEquilibrium positions [um]\u001b[39m\n[[-102.8114    0.0036   67.0835]\n [ -97.2052   -0.0025   67.0787]]\n\u001b[33mNormal modes\u001b[39m\n  Freq [MHz]                   Ca40                                Ca40\n------------  ----------  ---------  ----------  ----------  ----------  ---------\n      0.9994   0.709      -0.001033  -0.0001021   0.7052     -0.0004891  -0.001117\n      1.732   -0.7052      0.001038   8.472e-05   0.709      -0.0004813  -0.001141\n      5.495    0.0004902   0.395     -0.5883      0.0006534  -0.3946      0.585\n      5.585   -0.0005091  -0.3932     0.5859      0.0006754  -0.3964      0.5874\n      6.384   -0.0009204  -0.592     -0.3974      0.001024    0.5812      0.3922\n      6.461   -0.0009032  -0.5821    -0.3909     -0.001043   -0.5911     -0.3987\n"}