{"_printoptions": {"precision": 4, "format_char": "g"}, "ion": "Average[Ca40, Ca40]", "x_eq": [-9.997679708367187e-05, 7.901510078588454e-11, 6.708201604776099e-05], "fun": -0.7787587512704213, "jac": [0.004744782851508589, 0.04619252095462006, 0.012941967392396071], "hess": [[16352108.742817745, -131844.96970894933, 804038.8274047603], [-131844.96970894933, 648768747.0193436, 79997802.23715836], [804038.8274047603, 79997802.23715836, 543775343.0804625]], "shift": [2.9017785277566846e-10, 2.8250073742879393e-09, 7.914950854756542e-10], "mode_freqs": [999984.3131097205, 5533048.120317844, 6505241.907385371], "mode_vectors": [[-0.9999986577672947, -0.0004091644733471375, 0.0015865207350518214], [-0.0015904428746586065, 0.47505771697206645, -0.8799532010492094], [0.00039364333024513544, 0.8799545432178426, 0.47505773008678304]], "mode_angle": 28.363111290931784, "minimize_results": {"x": [-9.997679708367187e-05, 7.901510078588454e-11, 6.708201604776099e-05], "fun": -0.7787587512704213, "jac": [0.004744782851508589, 0.04619252095462006, 0.012941967392396071], "nfev": 13, "nit": 5, "status": 1, "message": "Converged (|f_n-f_(n-1)| ~= 0)", "success": true}, "mode_solver_results": {"_printoptions": {"precision": 4, "format_char": "g"}, "x0": [[-4.995430972849933e-06, 1.3315636319292591e-08, 6.709156083735778e-05], [4.996339812216303e-06, 1.2267429797515462e-08, 6.708964937198501e-05]], "ions": ["Ca40", "Ca40"], "x_eq": [[-9.718246374082049e-05, 1.3062924986910372e-09, 6.707651981820007e-05], [-0.00010278835382322942, -9.728553248292621e-10, 6.708537063501694e-05]], "fun": -1.5571321911251468, "jac": [-0.0007488105585906624, -0.00042992515713229096, 0.008275377354957425, 0.0009017783579423622, 0.0013458145869496424, -0.007513823975688783], "hess": [[32787373.97770364, -132765.0696433904, 1172281.1010120544, -16347246.002156405, -9969.292774656771, 38714.638529193515], [-132765.0696433904, 640625066.8404242, 80002223.99462898, -9969.292774656771, 8173651.536661055, 15.739941890596286], [1172281.1010120544, 80002223.99462898, 536078192.1589538, 38714.638529193515, 15.739941890596286, 8173594.465495349], [-16347246.002156405, -9969.292774656771, 38714.638529193515, 32590555.35422772, -106903.27151557991, 358085.33509457257], [-9969.292774656771, 8173651.536661055, 15.739941890596286, -106903.27151557991, 640680727.4199966, 79993871.06302121], [38714.638529193515, 15.739941890596286, 8173594.465495349, 358085.33509457257, 79993871.06302121, 535262248.23712325]], "trap_pot": [-0.7786947826987461, -0.7786942744392799], "mode_freqs": [999647.6002985322, 1731716.7684936777, 5442292.329184343, 5533444.432467545, 6428227.272353939, 6505528.552922553], "mode_vectors": [[[0.705001330495437, 0.0003755222606853925, -0.0016921929286520389], [0.7092036255325486, 0.00019770717837763185, -0.0005458105421151982]], [[0.7092016676630859, 0.0003828805684591942, -0.001722634399583414], [-0.7050032412177355, -0.0001914636815392992, 0.0005231933100823184]], [[-0.0016403438156028871, 0.3301034466609788, -0.6101193066833794], [0.0005833042068979575, -0.34161843738954933, 0.6340977514379198]], [[0.0017229946009134549, -0.34285156545367085, 0.633429783539975], [0.0005418893620139716, -0.3289153115988509, 0.6107626125032729]], [[-0.0004747132314446257, -0.6190299885459803, -0.3350595184871331], [8.506712989997712e-05, 0.6253853961625933, 0.33679350651314727]], [[0.0004835211282903603, 0.6247288245589276, 0.33800951025331377], [7.924443764734244e-05, 0.6196810401742457, 0.3338542123738118]]], "minimize_results": {"x": [-9.718246374082049e-05, 1.3062924986910372e-09, 6.707651981820007e-05, -0.00010278835382322942, -9.728553248292621e-10, 6.708537063501694e-05], "fun": -1.5571321911251468, "jac": [-0.0007488105585906624, -0.00042992515713229096, 0.008275377354957425, 0.0009017783579423622, 0.0013458145869496424, -0.007513823975688783], "nfev": 25, "nit": 6, "status": 1, "message": "Converged (|f_n-f_(n-1)| ~= 0)", "success": true}, "title": "", "repr": "\u001b[33m--------------\nMode solver analysis for ion crystal [Ca40, Ca40]: \u001b[39m\n\u001b[33mEquilibrium positions [um]\u001b[39m\n[[ -97.1825    0.0013   67.0765]\n [-102.7884   -0.001    67.0854]]\n\u001b[33mNormal modes\u001b[39m\n  Freq [MHz]                    Ca40                               Ca40\n------------  ----------  ----------  ---------  ----------  ----------  ----------\n      0.9996   0.705       0.0003755  -0.001692   0.7092      0.0001977  -0.0005458\n      1.732    0.7092      0.0003829  -0.001723  -0.705      -0.0001915   0.0005232\n      5.442   -0.00164     0.3301     -0.6101     0.0005833  -0.3416      0.6341\n      5.533    0.001723   -0.3429      0.6334     0.0005419  -0.3289      0.6108\n      6.428   -0.0004747  -0.619      -0.3351     8.507e-05   0.6254      0.3368\n      6.506    0.0004835   0.6247      0.338      7.924e-05   0.6197      0.3339\n"}, "title": "", "repr": "\u001b[33m--------------\nTrap potential analysis for ion Average[Ca40, Ca40]: \u001b[39m\n\u001b[33mEquilibrium position [um]\u001b[39m\n[-99.9768   0.0001  67.082 ]\n\u001b[33mGradient [V/m]\u001b[39m\n[0.0047 0.0462 0.0129]\n\u001b[33mDisplacement at 1 MHz [um]\u001b[39m\n[0.0003 0.0028 0.0008]\n\u001b[33mHessian [V/m2]\u001b[39m\n[[ 1.6352e+07 -1.3184e+05  8.0404e+05]\n [-1.3184e+05  6.4877e+08  7.9998e+07]\n [ 8.0404e+05  7.9998e+07  5.4378e+08]]\n\u001b[33mNormal mode frequencies [MHz]\u001b[39m\n[0.999984 5.53305 6.50524]\n\u001b[33mEigenvectors\u001b[39m\n[[\u001b[32m-1\u001b[39m -0.000409 0.00159]\n [-0.00159 0.475 -0.88]\n [0.000394 0.88 0.475]]\n\u001b[33mTilt angle of mode 2 (6.51): 28.36\u00b0\u001b[39m\n\u001b[33m--------------\nMode solver analysis for ion crystal [Ca40, Ca40]: \u001b[39m\n\u001b[33mEquilibrium positions [um]\u001b[39m\n[[ -97.1825    0.0013   67.0765]\n [-102.7884   -0.001    67.0854]]\n\u001b[33mNormal modes\u001b[39m\n  Freq [MHz]                    Ca40                               Ca40\n------------  ----------  ----------  ---------  ----------  ----------  ----------\n      0.9996   0.705       0.0003755  -0.001692   0.7092      0.0001977  -0.0005458\n      1.732    0.7092      0.0003829  -0.001723  -0.705      -0.0001915   0.0005232\n      5.442   -0.00164     0.3301     -0.6101     0.0005833  -0.3416      0.6341\n      5.533    0.001723   -0.3429      0.6334     0.0005419  -0.3289      0.6108\n      6.428   -0.0004747  -0.619      -0.3351     8.507e-05   0.6254      0.3368\n      6.506    0.0004835   0.6247      0.338      7.924e-05   0.6197      0.3339\n"}