{"_printoptions": {"precision": 4, "format_char": "g"}, "ion": "Average[Ca40, Ca40]", "x_eq": [-9.99973113003048e-05, 2.9259499517972044e-10, 6.708111520065402e-05], "fun": -0.5655175838101226, "jac": [0.05525149223029757, 0.10565675766317253, -0.49698746851939946], "hess": [[16351240.700685883, 727466.456690935, 559496.4532070351], [727466.456690935, 628810450.1782935, 79994658.42363654], [559496.4532070351, 79994658.42363654, 563831917.6805534]], "shift": [3.3790291104558584e-09, 6.4616763357654075e-09, -3.039438494546106e-08], "mode_freqs": [999959.7190380689, 5584712.080091871, 6461407.838438367], "mode_vectors": [[0.9999990483660478, -0.0010748096344889361, -0.0008648995595869027], [0.0001172573592139808, -0.5584394476742224, 0.8295452787714609], [-0.0013745972902177658, -0.8295445907638475, -0.5584387902149442]], "mode_angle": 33.94793474126142, "minimize_results": {"x": [-9.99973113003048e-05, 2.9259499517972044e-10, 6.708111520065402e-05], "fun": -0.5655175838101226, "jac": [0.05525149223029757, 0.10565675766317253, -0.49698746851939946], "nfev": 16, "nit": 6, "status": 1, "message": "Converged (|f_n-f_(n-1)| ~= 0)", "success": true}, "mode_solver_results": {"_printoptions": {"precision": 4, "format_char": "g"}, "x0": [[-4.977360946426657e-06, 6.703967289794081e-05, 4.466058119687876e-08], [5.032069816449929e-06, 6.707998772737191e-05, -2.97280927796113e-08]], "ions": ["Ca40", "Ca40"], "x_eq": [[-0.0001028112346505277, 3.562565152328778e-09, 6.708355943321977e-05], [-9.720500038104409e-05, -2.3878196846158717e-09, 6.707869503698265e-05]], "fun": -1.1306498704665355, "jac": [-0.00017384421374799786, 0.02094762023447827, 0.02444194352214165, -0.0001609510707538675, 0.06963403144178093, 0.015849140812509578], "hess": [[32592752.643446013, 872598.7005210214, 185714.87400785796, -16344273.515081048, 26021.42650771071, 21272.326522929743], [872598.7005210214, 620742674.943563, 79865151.22236934, 26021.42650771071, 8172132.1768831555, -22.57817335204504], [185714.87400785796, 79865151.22236934, 555393902.1201955, 21272.326522929743, -22.57817335204504, 8172141.3381978925], [-16344273.515081048, 26021.42650771071, 21272.326522929743, 32765712.80677782, 531889.0264153327, 889562.2749851893], [26021.42650771071, 8172132.1768831555, -22.57817335204504, 531889.0264153327, 620599268.1754552, 80103136.73749068], [21272.326522929743, -22.57817335204504, 8172141.3381978925, 889562.2749851893, 80103136.73749068, 555890361.5161994]], "trap_pot": [-0.5654531338677, -0.5654535869417733], "mode_freqs": [999444.9942032801, 1731492.0126524144, 5494534.91812496, 5584755.742223333, 6383619.812926344, 6461448.468781612], "mode_vectors": [[[0.708969035779321, -0.001033823518323299, -0.0001019878369855846], [0.7052377905056347, -0.0004893116217172503, -0.0011164812676331005]], [[-0.7052380732106803, 0.0010393743433334828, 8.332970172871404e-05], [0.7089687164178486, -0.0004827721785325605, -0.0011397030640505658]], [[0.0004924008237211066, 0.3951056828760266, -0.5884201206136931], [0.0006513141985373936, -0.3944551030105948, 0.584857047539123]], [[-0.0005092622509406845, -0.39312985864518785, 0.5857488143048484], [0.0006754345807777515, -0.3964367072099829, 0.5875240100614371]], [[-0.0009210938678770126, -0.5920770495777959, -0.397380061164975], [0.0010246067129799645, 0.5811650113161787, 0.39214689306535255]], [[-0.0009034266444926955, -0.5820507124588372, -0.3908313675238838], [-0.001042948984433658, -0.5911766791851969, -0.3987179960208059]]], "minimize_results": {"x": [-0.0001028112346505277, 3.562565152328778e-09, 6.708355943321977e-05, -9.720500038104409e-05, -2.3878196846158717e-09, 6.707869503698265e-05], "fun": -1.1306498704665355, "jac": [-0.00017384421374799786, 0.02094762023447827, 0.02444194352214165, -0.0001609510707538675, 0.06963403144178093, 0.015849140812509578], "nfev": 62, "nit": 12, "status": 1, "message": "Converged (|f_n-f_(n-1)| ~= 0)", "success": true}, "title": "", "repr": "\u001b[33m--------------\nMode solver analysis for ion crystal [Ca40, Ca40]: \u001b[39m\n\u001b[33mEquilibrium positions [um]\u001b[39m\n[[-102.8112    0.0036   67.0836]\n [ -97.205    -0.0024   67.0787]]\n\u001b[33mNormal modes\u001b[39m\n  Freq [MHz]                   Ca40                                Ca40\n------------  ----------  ---------  ----------  ----------  ----------  ---------\n      0.9994   0.709      -0.001034  -0.000102    0.7052     -0.0004893  -0.001116\n      1.731   -0.7052      0.001039   8.333e-05   0.709      -0.0004828  -0.00114\n      5.495    0.0004924   0.3951    -0.5884      0.0006513  -0.3945      0.5849\n      5.585   -0.0005093  -0.3931     0.5857      0.0006754  -0.3964      0.5875\n      6.384   -0.0009211  -0.5921    -0.3974      0.001025    0.5812      0.3921\n      6.461   -0.0009034  -0.5821    -0.3908     -0.001043   -0.5912     -0.3987\n"}, "title": "", "repr": "\u001b[33m--------------\nTrap potential analysis for ion Average[Ca40, Ca40]: \u001b[39m\n\u001b[33mEquilibrium position [um]\u001b[39m\n[-99.9973   0.0003  67.0811]\n\u001b[33mGradient [V/m]\u001b[39m\n[ 0.0553  0.1057 -0.497 ]\n\u001b[33mDisplacement at 1 MHz [um]\u001b[39m\n[ 0.0034  0.0065 -0.0304]\n\u001b[33mHessian [V/m2]\u001b[39m\n[[1.6351e+07 7.2747e+05 5.5950e+05]\n [7.2747e+05 6.2881e+08 7.9995e+07]\n [5.5950e+05 7.9995e+07 5.6383e+08]]\n\u001b[33mNormal mode frequencies [MHz]\u001b[39m\n[0.99996 5.58471 6.46141]\n\u001b[33mEigenvectors\u001b[39m\n[[\u001b[32m1\u001b[39m -0.00107 -0.000865]\n [0.000117 -0.558 0.83]\n [-0.00137 -0.83 -0.558]]\n\u001b[33mTilt angle of mode 2 (6.46): 33.95\u00b0\u001b[39m\n\u001b[33m--------------\nMode solver analysis for ion crystal [Ca40, Ca40]: \u001b[39m\n\u001b[33mEquilibrium positions [um]\u001b[39m\n[[-102.8112    0.0036   67.0836]\n [ -97.205    -0.0024   67.0787]]\n\u001b[33mNormal modes\u001b[39m\n  Freq [MHz]                   Ca40                                Ca40\n------------  ----------  ---------  ----------  ----------  ----------  ---------\n      0.9994   0.709      -0.001034  -0.000102    0.7052     -0.0004893  -0.001116\n      1.731   -0.7052      0.001039   8.333e-05   0.709      -0.0004828  -0.00114\n      5.495    0.0004924   0.3951    -0.5884      0.0006513  -0.3945      0.5849\n      5.585   -0.0005093  -0.3931     0.5857      0.0006754  -0.3964      0.5875\n      6.384   -0.0009211  -0.5921    -0.3974      0.001025    0.5812      0.3921\n      6.461   -0.0009034  -0.5821    -0.3908     -0.001043   -0.5912     -0.3987\n"}