{"_printoptions": {"precision": 4, "format_char": "g"}, "ion": "Ca40", "x_eq": [-0.00010000251545159915, 4.0480458175395555e-10, 6.708217046105963e-05], "fun": -0.5655132012499398, "jac": [-0.029170561900969005, 0.2568356858002415, 0.1043626996163904], "hess": [[16351206.34424831, 727795.0484398794, 558820.0118333397], [727795.0484398794, 628779011.5135969, 79987288.55064689], [558820.0118333397, 79987288.55064689, 563749284.871649]], "shift": [-1.7839912344969799e-09, 1.57073632564627e-08, 6.382535309266602e-09], "mode_freqs": [999958.6791560006, 5584384.40122881, 6461151.198727182], "mode_vectors": [[0.9999990485885698, -0.0010755686411605928, -0.0008636978946245855], [-0.0001160475180861545, 0.5583121893658887, -0.8296309334507977], [0.0013745380782550296, 0.8296302443604415, 0.5583115333642185]], "mode_angle": 33.939145693963994, "minimize_results": {"x": [-0.00010000251545159915, 4.0480458175395555e-10, 6.708217046105963e-05], "fun": -0.5655132012499398, "jac": [-0.029170561900969005, 0.2568356858002415, 0.1043626996163904], "nfev": 14, "nit": 6, "status": 1, "message": "Converged (|f_n-f_(n-1)| ~= 0)", "success": true}, "mode_solver_results": {"_printoptions": {"precision": 4, "format_char": "g"}, "x0": [[-5.0270095170026165e-06, 2.75016424572752e-08, 6.713117480309204e-05], [5.031293572922427e-06, -2.0611746869733958e-08, 6.710736778458255e-05]], "ions": ["Ca40", "Ca40"], "x_eq": [[-0.00010281179400493434, 3.4792637630673317e-09, 6.708346990056672e-05], [-9.7205634053658e-05, -2.4908509811507577e-09, 6.707870498924027e-05]], "fun": -1.130641104828915, "jac": [-0.011838055255282143, 0.005487301962550949, 0.012038876429101786, -0.008149123272701786, -0.039285449396000614, -0.03152192795182779], "hess": [[32766353.236019537, 531854.9882785947, 889871.4793233261, -16344924.653795531, 26109.09261271833, 20838.37856453929], [531854.9882785947, 620597973.1525497, 80106202.66535886, 26109.09261271833, 8172457.280551139, -22.19121683915396], [889871.4793233261, 80106202.66535886, 555889939.7342144, 20838.37856453929, -22.19121683915396, 8172467.373244393], [-16344924.653795531, 26109.09261271833, 20838.37856453929, 32593380.401123263, 872557.193336299, 186037.20273349117], [26109.09261271833, 8172457.280551139, -22.19121683915396, 872557.193336299, 620744458.5892729, 79867992.92575468], [20838.37856453929, -22.19121683915396, 8172467.373244393, 186037.20273349117, 79867992.9257547, 555401170.2842586]], "trap_pot": [-0.5654492331595276, -0.5654487254202156], "mode_freqs": [999444.4755292137, 1731514.6925898546, 5494531.5083928015, 5584755.792838904, 6383637.4422031585, 6461468.624480453], "mode_vectors": [[[0.7089690880400376, -0.0010338932830905308, -0.00010182891151517333], [0.705237738114517, -0.0004893921340671792, -0.001116303582545622]], [[0.7052380208975471, -0.0010390525104868016, -8.444866182575022e-05], [-0.708968767231215, 0.00048245904883059687, 0.0011408079295448445]], [[-0.0004912114694191616, -0.39503983940631443, 0.5882960401217165], [-0.0006525304231150677, 0.3945391649915032, -0.5849696356752961]], [[0.0005095550788383751, 0.39322073364848864, -0.5858568495899608], [-0.0006751094397841469, 0.3963635025775315, -0.5874048559748277]], [[-0.0009213211465362026, -0.5919918016172313, -0.3973413280219606], [0.0010251070239105293, 0.5812396103201743, 0.392204272773151]], [[0.0009035023225709704, 0.5821207247326992, 0.39089560308434596], [0.0010427927176687867, 0.5910963239910537, 0.39867194704063097]]], "minimize_results": {"x": [-9.7205634053658e-05, -2.4908509811507577e-09, 6.707870498924027e-05, -0.00010281179400493434, 3.4792637630673317e-09, 6.708346990056672e-05], "fun": -1.130641104828915, "jac": [-0.011838055255282143, 0.005487301962550949, 0.012038876429101786, -0.008149123272701786, -0.039285449396000614, -0.03152192795182779], "nfev": 23, "nit": 6, "status": 1, "message": "Converged (|f_n-f_(n-1)| ~= 0)", "success": true}, "title": "", "repr": "\u001b[33m--------------\nMode solver analysis for ion crystal [Ca40, Ca40]: \u001b[39m\n\u001b[33mEquilibrium positions [um]\u001b[39m\n[[-102.8118    0.0035   67.0835]\n [ -97.2056   -0.0025   67.0787]]\n\u001b[33mNormal modes\u001b[39m\n  Freq [MHz]                   Ca40                                Ca40\n------------  ----------  ---------  ----------  ----------  ----------  ---------\n      0.9994   0.709      -0.001034  -0.0001018   0.7052     -0.0004894  -0.001116\n      1.732    0.7052     -0.001039  -8.445e-05  -0.709       0.0004825   0.001141\n      5.495   -0.0004912  -0.395      0.5883     -0.0006525   0.3945     -0.585\n      5.585    0.0005096   0.3932    -0.5859     -0.0006751   0.3964     -0.5874\n      6.384   -0.0009213  -0.592     -0.3973      0.001025    0.5812      0.3922\n      6.461    0.0009035   0.5821     0.3909      0.001043    0.5911      0.3987\n"}, "title": "", "repr": "\u001b[33m--------------\nTrap potential analysis for ion Ca40: \u001b[39m\n\u001b[33mEquilibrium position [um]\u001b[39m\n[-100.0025    0.0004   67.0822]\n\u001b[33mGradient [V/m]\u001b[39m\n[-0.0292  0.2568  0.1044]\n\u001b[33mDisplacement at 1 MHz [um]\u001b[39m\n[-0.0018  0.0157  0.0064]\n\u001b[33mHessian [V/m2]\u001b[39m\n[[1.6351e+07 7.2780e+05 5.5882e+05]\n [7.2780e+05 6.2878e+08 7.9987e+07]\n [5.5882e+05 7.9987e+07 5.6375e+08]]\n\u001b[33mNormal mode frequencies [MHz]\u001b[39m\n[0.999959 5.58438 6.46115]\n\u001b[33mEigenvectors\u001b[39m\n[[\u001b[32m1\u001b[39m -0.00108 -0.000864]\n [-0.000116 0.558 -0.83]\n [0.00137 0.83 0.558]]\n\u001b[33mTilt angle of mode 2 (6.46): 33.94\u00b0\u001b[39m\n\u001b[33m--------------\nMode solver analysis for ion crystal [Ca40, Ca40]: \u001b[39m\n\u001b[33mEquilibrium positions [um]\u001b[39m\n[[-102.8118    0.0035   67.0835]\n [ -97.2056   -0.0025   67.0787]]\n\u001b[33mNormal modes\u001b[39m\n  Freq [MHz]                   Ca40                                Ca40\n------------  ----------  ---------  ----------  ----------  ----------  ---------\n      0.9994   0.709      -0.001034  -0.0001018   0.7052     -0.0004894  -0.001116\n      1.732    0.7052     -0.001039  -8.445e-05  -0.709       0.0004825   0.001141\n      5.495   -0.0004912  -0.395      0.5883     -0.0006525   0.3945     -0.585\n      5.585    0.0005096   0.3932    -0.5859     -0.0006751   0.3964     -0.5874\n      6.384   -0.0009213  -0.592     -0.3973      0.001025    0.5812      0.3922\n      6.461    0.0009035   0.5821     0.3909      0.001043    0.5911      0.3987\n"}