{"_printoptions": {"precision": 4, "format_char": "g"}, "ion": "Ca40", "x_eq": [-0.00010000252850571999, 4.061081273609194e-10, 6.70821659063362e-05], "fun": -0.5655132012496927, "jac": [-0.02938560906888199, 0.2572815073508595, 0.10189194892905855], "hess": [[16351205.289802104, 727795.7475696416, 558818.3053054912], [727795.7475696416, 628779154.3919289, 79987266.21575406], [558818.3053054912, 79987266.21575406, 563749635.5296745]], "shift": [-1.7971429270787886e-09, 1.5734628474772597e-08, 6.231431001307386e-09], "mode_freqs": [999958.6469671535, 5584386.079984344, 6461152.083521246], "mode_vectors": [[0.9999990485903546, -0.0010755700624915697, -0.0008636940583735747], [0.00011604284278431672, -0.5583126113096137, 0.8296306494981359], [-0.0013745371746287794, -0.8296299604050478, -0.5583119553134022]], "mode_angle": -146.06082516549787, "minimize_results": {"x": [-0.00010000252850571999, 4.061081273609194e-10, 6.70821659063362e-05], "fun": -0.5655132012496927, "jac": [-0.02938560906888199, 0.2572815073508595, 0.10189194892905855], "nfev": 14, "nit": 6, "status": 1, "message": "Converged (|f_n-f_(n-1)| ~= 0)", "success": true}, "mode_solver_results": {"_printoptions": {"precision": 4, "format_char": "g"}, "x0": [[-4.934690256047403e-06, 3.216859115531351e-08, 6.710995855899475e-05], [4.9052184169948495e-06, -3.131221133741766e-08, 6.710169088467549e-05]], "ions": ["Ca40", "Ca40"], "x_eq": [[-9.720449597054908e-05, -2.5623688761934853e-09, 6.707864031767712e-05], [-0.00010281117648799104, 3.5201681194501273e-09, 6.708350718793905e-05]], "fun": -1.130641104831404, "jac": [0.015264640221801073, -0.043121874546024196, -0.028310484540354744, -0.006583482127709317, -0.010931976643296294, -0.007935286938455174], "hess": [[32761815.66646058, 531305.5901150621, 889576.1495397587, -16340368.69364387, 26590.86585923851, 21276.36780211221], [531305.5901150621, 620601899.7928917, 80108609.06313007, 26590.86585923851, 8170179.157423018, -23.082159557098002], [889576.1495397587, 80108609.06313007, 555897545.4879481, 21276.36780211221, -23.082159557098006, 8170189.536220848], [-16340368.69364387, 26590.86585923851, 21276.36780211221, 32588852.69037929, 872035.2413042978, 185677.7704963597], [26590.86585923851, 8170179.157423018, -23.082159557098002, 872035.2413042978, 620745724.9843366, 79866626.55663292], [21276.36780211221, -23.082159557098006, 8170189.536220848, 185677.7704963597, 79866626.55663292, 555400400.3765357]], "trap_pot": [-0.5654491810117727, -0.565448753712733], "mode_freqs": [999445.1841852872, 1731354.2424634907, 5494559.035732368, 5584758.009844661, 6383664.014066397, 6461473.958608008], "mode_vectors": [[[0.7052373225221592, -0.0004892884526275441, -0.001116488627093202], [0.708969501300899, -0.001033829982547144, -0.00010194338418184227]], [[-0.7089691826428554, 0.0004812719577715895, 0.0011399182600806195], [0.7052376073393452, -0.0010379059848615844, -8.349746509057401e-05]], [[0.0006523787250517179, -0.3945096148091573, 0.5849080662219537], [0.0004914058251125101, 0.39507293683110295, -0.588354846497916]], [[0.0006753641311872934, -0.3964106735414568, 0.5874541803662667], [-0.0005093659764313404, -0.3931774104271538, 0.5858045512216478]], [[0.0010233799880176556, 0.5810882729349688, 0.39211598351442695], [-0.0009200661263820655, -0.5921383402110095, -0.39743146170609434]], [[-0.001043054738579182, -0.5912331940589154, -0.3987764405662832], [-0.0009033074614036722, -0.5819784691140447, -0.39079383087798836]]], "minimize_results": {"x": [-9.720449597054908e-05, -2.5623688761934853e-09, 6.707864031767712e-05, -0.00010281117648799104, 3.5201681194501273e-09, 6.708350718793905e-05], "fun": -1.130641104831404, "jac": [0.015264640221801073, -0.043121874546024196, -0.028310484540354744, -0.006583482127709317, -0.010931976643296294, -0.007935286938455174], "nfev": 26, "nit": 7, "status": 1, "message": "Converged (|f_n-f_(n-1)| ~= 0)", "success": true}, "title": "", "repr": "\u001b[33m--------------\nMode solver analysis for ion crystal [Ca40, Ca40]: \u001b[39m\n\u001b[33mEquilibrium positions [um]\u001b[39m\n[[ -97.2045   -0.0026   67.0786]\n [-102.8112    0.0035   67.0835]]\n\u001b[33mNormal modes\u001b[39m\n  Freq [MHz]                    Ca40                              Ca40\n------------  ----------  ----------  ---------  ----------  ---------  ----------\n      0.9994   0.7052     -0.0004893  -0.001116   0.709      -0.001034  -0.0001019\n      1.731   -0.709       0.0004813   0.00114    0.7052     -0.001038  -8.35e-05\n      5.495    0.0006524  -0.3945      0.5849     0.0004914   0.3951    -0.5884\n      5.585    0.0006754  -0.3964      0.5875    -0.0005094  -0.3932     0.5858\n      6.384    0.001023    0.5811      0.3921    -0.0009201  -0.5921    -0.3974\n      6.461   -0.001043   -0.5912     -0.3988    -0.0009033  -0.582     -0.3908\n"}, "title": "", "repr": "\u001b[33m--------------\nTrap potential analysis for ion Ca40: \u001b[39m\n\u001b[33mEquilibrium position [um]\u001b[39m\n[-100.0025    0.0004   67.0822]\n\u001b[33mGradient [V/m]\u001b[39m\n[-0.0294  0.2573  0.1019]\n\u001b[33mDisplacement at 1 MHz [um]\u001b[39m\n[-0.0018  0.0157  0.0062]\n\u001b[33mHessian [V/m2]\u001b[39m\n[[1.6351e+07 7.2780e+05 5.5882e+05]\n [7.2780e+05 6.2878e+08 7.9987e+07]\n [5.5882e+05 7.9987e+07 5.6375e+08]]\n\u001b[33mNormal mode frequencies [MHz]\u001b[39m\n[0.999959 5.58439 6.46115]\n\u001b[33mEigenvectors\u001b[39m\n[[\u001b[32m1\u001b[39m -0.00108 -0.000864]\n [0.000116 -0.558 0.83]\n [-0.00137 -0.83 -0.558]]\n\u001b[33mTilt angle of mode 2 (6.46): -146.06\u00b0\u001b[39m\n\u001b[33m--------------\nMode solver analysis for ion crystal [Ca40, Ca40]: \u001b[39m\n\u001b[33mEquilibrium positions [um]\u001b[39m\n[[ -97.2045   -0.0026   67.0786]\n [-102.8112    0.0035   67.0835]]\n\u001b[33mNormal modes\u001b[39m\n  Freq [MHz]                    Ca40                              Ca40\n------------  ----------  ----------  ---------  ----------  ---------  ----------\n      0.9994   0.7052     -0.0004893  -0.001116   0.709      -0.001034  -0.0001019\n      1.731   -0.709       0.0004813   0.00114    0.7052     -0.001038  -8.35e-05\n      5.495    0.0006524  -0.3945      0.5849     0.0004914   0.3951    -0.5884\n      5.585    0.0006754  -0.3964      0.5875    -0.0005094  -0.3932     0.5858\n      6.384    0.001023    0.5811      0.3921    -0.0009201  -0.5921    -0.3974\n      6.461   -0.001043   -0.5912     -0.3988    -0.0009033  -0.582     -0.3908\n"}