{"_printoptions": {"precision": 4, "format_char": "g"}, "ion": "Ca40", "x_eq": [-9.996197489954289e-05, 7.127091984213733e-09, 6.708158503324723e-05], "fun": -0.5655153152025717, "jac": [0.6382862287783198, 4.466489534651512, 0.33410564683864613], "hess": [[16351972.712373257, 725000.732211261, 563946.5480671301], [725000.732211261, 628820510.7512386, 79787127.39290415], [563946.5480671301, 79787127.39290415, 563770325.097347]], "shift": [3.903582800723597e-08, 2.731581998948776e-07, 2.0432981283651193e-08], "mode_freqs": [999982.01569158, 5585549.536998968, 6460440.020761929], "mode_vectors": [[0.9999990455551643, -0.0010698412070689423, -0.0008742588586950628], [0.00012868420649711937, -0.5579036667822044, 0.8299057067109167], [-0.0013756195460038108, -0.8299050271150081, -0.5579029966222641]], "mode_angle": -146.08906386984106, "minimize_results": {"x": [-9.996197489954289e-05, 7.127091984213733e-09, 6.708158503324723e-05], "fun": -0.5655153152025717, "jac": [0.6382862287783198, 4.466489534651512, 0.33410564683864613], "nfev": 5, "nit": 2, "status": 1, "message": "Converged (|f_n-f_(n-1)| ~= 0)", "success": true}, "mode_solver_results": {"_printoptions": {"precision": 4, "format_char": "g"}, "x0": [[-0.00010494010501704615, 6.428399407451418e-08, 6.711934039834495e-05], [-9.507563822165019e-05, 1.2835167621426925e-08, 6.706776215709767e-05]], "ions": ["Ca40", "Ca40"], "x_eq": [[-0.00010281128215386778, 3.5479582183326237e-09, 6.708339702383436e-05], [-9.720508999950346e-05, -2.4635929255101296e-09, 6.707873666832454e-05]], "fun": -1.1306453889249863, "jac": [-0.0003119087373946172, -0.0017634195240496808, -0.06613577448769023, -0.002335397351536983, 0.025788705628042363, 0.03172277831077005], "hess": [[32593108.433833774, 872334.1640786346, 186553.5651023253, -16344643.753805256, 26289.703310488367, 20380.65729511365], [872334.1640786346, 620747247.0669398, 79866198.73949635, 26289.703310488374, 8172316.252694097, -21.854292593115723], [186553.5651023253, 79866198.73949635, 555406532.7761211, 20380.65729511365, -21.854292593115716, 8172327.50111116], [-16344643.753805256, 26289.703310488367, 20380.65729511365, 32766084.741335988, 531635.1369891098, 890394.7743028789], [26289.703310488374, 8172316.252694097, -21.854292593115723, 531635.1369891098, 620597476.5417315, 80105265.0584965], [20380.65729511365, -21.854292593115716, 8172327.50111116, 890394.7743028789, 80105265.0584965, 555887278.473563]], "trap_pot": [-0.5654508909163198, -0.5654513502860763], "mode_freqs": [999444.8009341769, 1731504.9450363803, 5494546.589178222, 5584768.928244614, 6383637.997187299, 6461467.532675848], "mode_vectors": [[[-0.7089691374118166, 0.0010338267953779892, 0.0001019203394613098], [-0.7052376884521206, 0.0004893380311968175, 0.0011163990985727055]], [[0.7052379721903727, -0.0010383275010771647, -8.59497439560669e-05], [-0.7089688146164583, 0.0004817428607020087, 0.0011423198340094556]], [[0.0004894496878055026, 0.3949530688020242, -0.5881635784107532], [0.0006543439797738781, -0.39462378315130364, 0.5851043330203881]], [[-0.0005095618785866762, -0.393311440565623, 0.5859874487565658], [0.0006750875608781689, -0.39627003344455897, 0.5872769072739799]], [[-0.0009214457681245366, -0.5919197948585009, -0.39729599999618], [0.0010254782049373737, 0.5813145969276197, 0.3922477323997323]], [[0.000903604862482074, 0.5821915438211762, 0.39094524622094257], [0.0010426759975548715, 0.5910287626132816, 0.39862001812401726]]], "minimize_results": {"x": [-0.00010281128215386778, 3.5479582183326237e-09, 6.708339702383436e-05, -9.720508999950346e-05, -2.4635929255101296e-09, 6.707873666832454e-05], "fun": -1.1306453889249863, "jac": [-0.0003119087373946172, -0.0017634195240496808, -0.06613577448769023, -0.002335397351536983, 0.025788705628042363, 0.03172277831077005], "nfev": 16, "nit": 4, "status": 1, "message": "Converged (|f_n-f_(n-1)| ~= 0)", "success": true}, "title": "", "repr": "\u001b[33m--------------\nMode solver analysis for ion crystal [Ca40, Ca40]: \u001b[39m\n\u001b[33mEquilibrium positions [um]\u001b[39m\n[[-102.8113    0.0035   67.0834]\n [ -97.2051   -0.0025   67.0787]]\n\u001b[33mNormal modes\u001b[39m\n  Freq [MHz]                   Ca40                                Ca40\n------------  ----------  ---------  ----------  ----------  ----------  --------\n      0.9994  -0.709       0.001034   0.0001019  -0.7052      0.0004893  0.001116\n      1.732    0.7052     -0.001038  -8.595e-05  -0.709       0.0004817  0.001142\n      5.495    0.0004894   0.395     -0.5882      0.0006543  -0.3946     0.5851\n      5.585   -0.0005096  -0.3933     0.586       0.0006751  -0.3963     0.5873\n      6.384   -0.0009214  -0.5919    -0.3973      0.001025    0.5813     0.3922\n      6.461    0.0009036   0.5822     0.3909      0.001043    0.591      0.3986\n"}, "title": "", "repr": "\u001b[33m--------------\nTrap potential analysis for ion Ca40: \u001b[39m\n\u001b[33mEquilibrium position [um]\u001b[39m\n[-99.962    0.0071  67.0816]\n\u001b[33mGradient [V/m]\u001b[39m\n[0.6383 4.4665 0.3341]\n\u001b[33mDisplacement at 1 MHz [um]\u001b[39m\n[0.039  0.2732 0.0204]\n\u001b[33mHessian [V/m2]\u001b[39m\n[[1.6352e+07 7.2500e+05 5.6395e+05]\n [7.2500e+05 6.2882e+08 7.9787e+07]\n [5.6395e+05 7.9787e+07 5.6377e+08]]\n\u001b[33mNormal mode frequencies [MHz]\u001b[39m\n[0.999982 5.58555 6.46044]\n\u001b[33mEigenvectors\u001b[39m\n[[\u001b[32m1\u001b[39m -0.00107 -0.000874]\n [0.000129 -0.558 0.83]\n [-0.00138 -0.83 -0.558]]\n\u001b[33mTilt angle of mode 2 (6.46): -146.09\u00b0\u001b[39m\n\u001b[33m--------------\nMode solver analysis for ion crystal [Ca40, Ca40]: \u001b[39m\n\u001b[33mEquilibrium positions [um]\u001b[39m\n[[-102.8113    0.0035   67.0834]\n [ -97.2051   -0.0025   67.0787]]\n\u001b[33mNormal modes\u001b[39m\n  Freq [MHz]                   Ca40                                Ca40\n------------  ----------  ---------  ----------  ----------  ----------  --------\n      0.9994  -0.709       0.001034   0.0001019  -0.7052      0.0004893  0.001116\n      1.732    0.7052     -0.001038  -8.595e-05  -0.709       0.0004817  0.001142\n      5.495    0.0004894   0.395     -0.5882      0.0006543  -0.3946     0.5851\n      5.585   -0.0005096  -0.3933     0.586       0.0006751  -0.3963     0.5873\n      6.384   -0.0009214  -0.5919    -0.3973      0.001025    0.5813     0.3922\n      6.461    0.0009036   0.5822     0.3909      0.001043    0.591      0.3986\n"}